Dataset,Algoritmo,Peso,Caminho,Tempo de Execução,Uso de Memória,Desvio Percentual
berlin52,twiceAroundTheTreeTSP,10114,"[1, 22, 31, 18, 3, 17, 21, 42, 7, 2, 49, 32, 45, 19, 41, 8, 10, 9, 36, 35, 34, 44, 16, 50, 20, 23, 30, 29, 39, 40, 38, 24, 48, 46, 5, 15, 43, 33, 6, 4, 25, 12, 28, 27, 26, 47, 13, 14, 52, 51, 11, 37, 1]",0.06022143363952637,136.9140625,34.102360116679925
berlin52,christofidesTSP,8591,"[1, 49, 36, 32, 45, 19, 41, 8, 10, 9, 33, 43, 15, 5, 6, 4, 25, 12, 51, 11, 52, 13, 14, 27, 47, 26, 28, 46, 48, 24, 38, 40, 37, 39, 35, 34, 44, 16, 50, 29, 20, 23, 30, 2, 7, 42, 21, 31, 18, 3, 17, 22, 1]",0.1791999340057373,136.9140625,13.90877751259613
berlin52,twiceAroundTheTreeTSP,10114,"[1, 22, 31, 18, 3, 17, 21, 42, 7, 2, 49, 32, 45, 19, 41, 8, 10, 9, 36, 35, 34, 44, 16, 50, 20, 23, 30, 29, 39, 40, 38, 24, 48, 46, 5, 15, 43, 33, 6, 4, 25, 12, 28, 27, 26, 47, 13, 14, 52, 51, 11, 37, 1]",0.028826475143432617,62.72265625,34.102360116679925
berlin52,christofidesTSP,8591,"[1, 49, 36, 32, 45, 19, 41, 8, 10, 9, 33, 43, 15, 5, 6, 4, 25, 12, 51, 11, 52, 13, 14, 27, 47, 26, 28, 46, 48, 24, 38, 40, 37, 39, 35, 34, 44, 16, 50, 29, 20, 23, 30, 2, 7, 42, 21, 31, 18, 3, 17, 22, 1]",0.07687973976135254,63.27734375,13.90877751259613
